<memory>
<name>Memory Details</name>
<oid_index>.1.3.6.1.4.1.15.10.1</oid_index>
<index_order_type>numeric</index_order_type>


<fields>
<memIndex>
<name>Index</name>
<method>walk</method>
<source>value</source>
<direction>input</direction>
<oid>.1.3.6.1.4.1.15.10.1</oid>
</memIndex>

<memDesc>
<name>Available</name>
<method>walk</method>
<source>value</source>
<direction>input</direction>
<oid>.1.3.6.1.4.1.15.10.2</oid>
</memDesc>

		<MemSize>
			<name>Total Size</name>
			<method>walk</method>
			<source>value</source>
			<direction>output</direction>
			<oid>.1.3.6.1.4.1.15.10.3</oid>
		</MemSize>

</fields>
</memory> 